{
	"titulo": "Base Anual Poder Judicial,Contiene los datos sobre actividad jurisdiccional de todas las sedes judiciales del Poder Judicial",
	"descripcion": "Contiene los datos sobre actividad jurisdiccional de todas las sedes judiciales del Poder Judicial",
	"atributos": [
		{
			"nombreAtributo": "comunidad con",
			"descripción": "Sede con la que forma comunidad geográfica",
			"tipoDato": "texto",
			"longitud": -1,
			"precisión": -1,
			"dominioValores": {
				"nombreCampo": "Código",
				"tipoDato": "texto",
				"valoresPermisible": {
					"-1": "Sin Comunidad",
					"Nombre": "Nombre de la sede"
				}
			}
		},
		{
			"nombreAtributo": "Comp",
			"descripción": "Materia sobre la que tiene competencia",
			"tipoDato": "número",
			"longitud": -1,
			"precisión": -1,
			"dominioValores": {
				"nombreCampo": "Código",
				"tipoDato": "texto",
				"valoresPermisible": {
					"-1": "Sin Materia",
					"1": "Familia",
					"2": "Civil",
					"3": "Trabajo",
					"4": "Contencioso Administrativo",
					"5": "Penal",
					"6": "Adolescentes",
					"7": "Aduana",
					"8": "Concurso",
					"9": "Paz",
					"10": "Crimen Organizado",
					"11": "Familia Especializada (CNA y Violencia Doméstica)",
					"12": "Faltas",
					"13": "Ejecución",
					"14": "Multimateria",
					"15": "CGP, Faltas y Comp Urgencia",
					"16": "Penal Adolescente y Aduana",
					"17": "Penal y Adolescente",
					"18": "CGP (Código General del Proceso)",
					"19": "Civil (Sin materia Familia)",
					"20": "Laboral",
					"21": "Familia y Familia Especializada (CNA y Violencia Doméstica)",
					"22": "Todas (Suprema Corte de Justicia)"
				}
			}
		},
		{
			"nombreAtributo": "Depto",
			"descripción": "Departamento",
			"tipoDato": "texto",
			"longitud": -1,
			"precisión": -1,
			"dominioValores": {
				"nombreCampo": "Código",
				"tipoDato": "texto",
				"valoresPermisible": {
					"-1":{"iso":"Sin Depto."
					,"desc":"Sin Depto."},
					"1":{"iso":"UY-MO"
						,"desc":"Montevideo"},
					"2":{"iso":"UY-AR", 
					"desc":"Artigas"},
					"3":{"iso":"UY-CA", 
					"desc":"Canelones"},
					"4":{"iso":"UY-CL",
					"desc":"Cerro Largo"},
					"5":{"iso":"UY-CO",
					"desc":"Colonia"},
					"6":{"iso":"UY-DU",
					"desc":"Durazno"},
					"7":{"iso":"UY-FS",
					"desc":"Flores"},
					"8":{"iso":"UY-FD",
					"desc":"Florida"},
					"9":{"iso":"UY-LA",
					"desc":"Lavalleja"},
					"10":{"iso":"UY-MA",
					"desc":"Maldonado"},
					"11":{"iso":"UY-PA",
					"desc":"Paysandú"},
					"12":{"iso":"UY-RN"
					,"desc":"Rio Negro"},
					"13":{"iso":"UY-RV"
					,"desc":"Rivera"},
					"14":{"iso":"UY-RO"
					,"desc":"Rocha"},
					"15":{"iso":"UY-SA"
					,"desc":"Salto"},
					"16":{"iso":"UY-SJ"
					,"desc":"San José"},
					"17":{"iso":"UY-SO"
					,"desc":"Soriano"},
					"18":{"iso":"UY-TA"
					,"desc":"Tacuarembó"},
					"19":{"iso":"UY-TT"
					,"desc":"Treinta y Tres"}
				}
			}
		},
		{
			"nombreAtributo": "Oficina",
			"descripción": "Oficina del Juzgado",
			"tipoDato": "texto",
			"longitud": -1,
			"precisión": -1,
			"dominioValores": {
				"nombreCampo": "Código",
				"tipoDato": "texto",
				"valoresPermisible": {
					"-1": "Sin Oficina",
					"nº": "Oficina en la que funciona el Juzgado"
				}
			}
		},
		{
			"nombreAtributo": "Turno",
			"descripción": "Turno del Juzgado",
			"tipoDato": "texto",
			"longitud": -1,
			"precisión": -1,
			"dominioValores": {
				"nombreCampo": "Código",
				"tipoDato": "texto",
				"valoresPermisible": {
					"-1": "Sin Turno",
					"nº": "Turno del Juzgado"
				}
			}
		},
		{
			"nombreAtributo": "Sede",
			"descripción": "Sede titular de la comunidad geográfica",
			"tipoDato": "número",
			"longitud": -1,
			"precisión": -1,
			"dominioValores": {
				"nombreCampo": "Código",
				"tipoDato": "texto",
				"valoresPermisible": {
					"-1": "Sin Dato de Sede",
					"0": "No",
					"1": "Si"
				}
			}
		},
		{
			"nombreAtributo": "Categ",
			"descripción": "Categoria",
			"tipoDato": "número",
			"longitud": -1,
			"precisión": -1,
			"dominioValores": {
				"nombreCampo": "Código",
				"tipoDato": "texto",
				"valoresPermisible": {
					"-1": "Sin Categoria",
					"1": "Juzgado Letrado",
					"2": "Juzgado de Paz departamental",
					"3": "Juzgado de Paz ciudad",
					"4": "Juzgado de Paz primera categoria",
					"5": "Juzgado de Paz segunda categoria",
					"6": "Juzgado de Paz rural",
					"7": "Tribunales",
					"8": "Suprema Corte de Justicia"
				}
			}
		},
		{
			"nombreAtributo": "Ciudad",
			"descripción": "Ciudad",
			"tipoDato": "texto",
			"longitud": -1,
			"precisión": -1,
			"dominioValores": {
				"nombreCampo": "Código",
				"tipoDato": "texto",
				"valoresPermisible": {
					"-1": "Sin Ciudad"
				}
			}
		},
		{
			"nombreAtributo": "CG",
			"descripción": "Comunidad geográfica",
			"tipoDato": "número",
			"longitud": -1,
			"precisión": -1,
			"dominioValores": {
				"nombreCampo": "Código",
				"tipoDato": "texto",
				"valoresPermisible": {
					"-1": "Sin Dato",
					"0": "NO",
					"1": "SI (conforma comunidad con otra sede)"
				}
			}
		},
		{
			"nombreAtributo": "Cod_sede",
			"descripción": "Código Sede",
			"tipoDato": "número",
			"longitud": -1,
			"precisión": -1,
			"dominioValores": {
				"nombreCampo": "Código",
				"tipoDato": "texto",
				"valoresPermisible": {
					"nº": "Código de la sede"
				}
			}
		},
		{
			"nombreAtributo": "Secc",
			"descripción": "Seccion judicial",
			"tipoDato": "texto",
			"longitud": -1,
			"precisión": -1,
			"dominioValores": {
				"nombreCampo": "Código",
				"tipoDato": "texto",
				"valoresPermisible": {
					"-1": "Sin Seccion judicial",
					"nº": "Sección judicial competencia de la sede"
				}
			}
		},
		{
			"nombreAtributo": "Juez",
			"descripción": "La sede tiene Juez",
			"tipoDato": "número",
			"longitud": -1,
			"precisión": -1,
			"dominioValores": {
				"nombreCampo": "Código",
				"tipoDato": "texto",
				"valoresPermisible": {
					"-1": "Sin Dato",
					"0": "No",
					"1": "Si"
				}
			}
		},
		{
			"nombreAtributo": "Act_Jur",
			"descripción": "Actividad Jurisdiccional",
			"tipoDato": "texto",
			"longitud": 8,
			"precisión": -1,
			"dominioValores": {
				"nombreCampo": "Act_Jur",
				"tipoDato": "texto",
				"valoresPermisible": {
					"AAPELPAZ": "Asuntos elevados en apelación paz",
					"AARCH": "Asuntos archivados SGJ",
					"AARCH_ANT": "Sin Datos",
					"AARCH_SGJM": "Asuntos archivados SGJ",
					"AARCHADOL": "Asuntos archivados en materia CNA",
					"AARCHADUA": "Asuntos archivados en materia Aduanera",
					"AARCHPAZ": "Asuntos archivados paz",
					"AARCHPEN": "Asuntos archivados en materia Penal",
					"ACYAMP": "Recursos de Aclaración y Ampliación",
					"ADOLCSENT": "Adolescentes privados de libertad con sentencia",
					"ADOLSSENT": "Adolescentes privados de libertad sin sentencia",
					"ADUATR": "Expedientes en trámite en materia de Aduana",
					"ADUATR_ANT": "Sin Datos",
					"ADUCON": "Audiencias convocadas",
					"AI": "Total de asuntos iniciados",
					"AI18895": "Asuntos Iniciados por la ley nº 18895 (restitución internacional de menores)",
					"AI_ANT": "Sin Datos",
					"AI_SGJM": "Total de asuntos iniciados SGJM",
					"AIADOL": "Asuntos iniciados de adolescentes ",
					"AIADOL2": "Sin Datos",
					"AIADOL_ANT": "Sin Datos",
					"AIADOLPAZ": "Asuntos iniciados en Jdo. Paz en materia Adolescentes",
					"AIADOLPAZ_ANT": "Sin Datos",
					"AIADUA": "Asuntos iniciados en materia Aduanera",
					"AIADUA_ANT": "Sin Datos",
					"AIAINCONST": "Asuntos iniciados de Acción de Inconstitucionalidad",
					"AIAINCONST_ANT": "Sin Datos",
					"AIBARVD": "Asuntos inciados en la sede (en baranda)",
					"AICASA_total": "Total de asuntos de casación iniciados",
					"AICASA_total_ANT": "Sin Datos",
					"AICASACIV": "Asuntos iniciados de casación civil",
					"AICASACIV_ANT": "Sin Datos",
					"AICASAFAM": "Asuntos iniciados de casación familia",
					"AICASAFAM_ANT": "Sin Datos",
					"AICASALAB": "Asuntos iniciados de casación laboral",
					"AICASALAB_ANT": "Sin Datos",
					"AICASAPEN": "Asuntos iniciados de casación penal",
					"AICASAPEN_ANT": "Sin Datos",
					"AICAUDIPLO": "Asuntos iniciados de Causa diplomática",
					"AICAUDIPLO_ANT": "Sin Datos",
					"AICHEQ": "Chequeo de Asuntos Iniciados",
					"AICHEQADOL": "Chequeo de Asuntos Iniciados en materia adolescente",
					"AICHEQPEN": "Chequeo de Asuntos Iniciados en materia penal",
					"AICIV": "Asuntos Iniciados en materia Civil",
					"AICIV_ANT": "Sin Datos",
					"AICNA": "Asuntos iniciados de Código de la Niñez y el Adolescentes (no infraccionales) (ley 17823)",
					"AICNA_ANT": "Sin Datos",
					"AICONC": "Asuntos Iniciados en materia Concursal",
					"AICONC_ANT": "Sin Datos",
					"AICONT": "Asuntos Iniciados en materia Contencioso Administrativo",
					"AICONT_ANT": "Sin Datos",
					"AICONTCOMP": "Asuntos iniciados de Contienda de competencia",
					"AICONTCOMP_ANT": "Sin Datos",
					"AIEINCONST": "Asuntos iniciados de Excepción de Inconstitucionalidad",
					"AIEINCONST_ANT": "Sin Datos",
					"AIEJECSENTEXT": "Asuntos iniciados de Ejecución de sentencia",
					"AIEJECSENTEXT_ANT": "Sin Datos",
					"AIFAL": "Total de Asuntos iniciados de faltas",
					"AIFAL_ANT": "Sin Datos",
					"AIFALJDO": "Asuntos de Faltas iniciados en la sede (Paz Dptal)",
					"AIFALSEC": "Asuntos de Faltas iniciados en Paz Seccional",
					"AIFAM": "Asuntos Iniciados en materia Familia",
					"AIFAM_ANT": "Sin Datos",
					"AIINCOSTOF": "Sin Datos",
					"AIINCOSTOF_ANT": "Asuntos iniciados de Inconstitucionalidad de oficio",
					"AIJDOADOL": "Asuntos iniciados en el Jdo (materia Adolescentes)",
					"AIJDOADOL_ANT": "Sin Datos",
					"AIJDOPEN": "Asuntos iniciados en el Jdo. en materia Penal",
					"AIJDOPEN_ANT": "Sin Datos",
					"AILAB": "Asuntos Iniciados en materia Laboral",
					"AILAB_ANT": "Sin Datos",
					"AIOTRJDOVD": "Asuntos iniciados en otros Juzgado (materia Violencia Doméstica)",
					"AIOtros": "Otros asuntos iniciados",
					"AIOTROS": "Otros asuntos iniciados",
					"AIOtros_ANT": "Sin Datos",
					"AIOTROS_ANT": "Sin Datos",
					"AIPAZ117": "Asuntos iniciados en paz en materia de niñez",
					"AIPAZADO": "Asuntos iniciados en paz en materia de adolescentes",
					"AIPAZCGP": "Asuntos de Paz iniciados por el CGP ",
					"AIPAZCGP_ANT": "Sin Datos",
					"AIPAZVD": "Asuntos iniciados en paz de violencia doméstica",
					"AIPEN": "Total de asuntos iniciados en materia penal",
					"AIPEN2": "Sin Datos",
					"AIPEN_ANT": "Sin Datos",
					"AIPENPAZ": "Asuntos penales iniciados archivados en la sede",
					"AIPENPAZ_ANT": "Sin Datos",
					"AIPENPAZREMLTDO": "Asuntos penales iniciados elevados al letrado",
					"AIRECQDC": "Asuntos penales iniciados elevados al letrado",
					"AIRECQDC_ANT": "Asuntos penales iniciados elevados al letrado",
					"AIRECQDEI": "Asuntos penales iniciados elevados al letrado",
					"AIRECQDEI_ANT": "Asuntos penales iniciados elevados al letrado",
					"AIRECREV": "Asuntos penales iniciados elevados al letrado",
					"AIRECREV_ANT": "Asuntos iniciados de Recursos de queja por denegación de casación",
					"AISEX": "Asuntos iniciados de Recursos de queja por denegación de excepción de inconstitucionalidad",
					"AITOT": "Total de asuntos iniciados SGJ",
					"AITOT_ANT": "Sin Datos",
					"AIVD": "Total de asuntos iniciados (materia Violencia Doméstica)",
					"AIVD_ANT": "Sin Datos",
					"AIVISITAS": "Asuntos Iniciados por Art. 40 (Incumplimiento Regimen de Visitas)",
					"AIVISITAS_ANT": "Sin Datos",
					"ARCHFAL": "Asuntos archivados de Faltas",
					"ARCHI": "Asuntos archivados",
					"AREFAMVD": "Asuntos remitidos al Letrado competente en materia de Familia",
					"AREMT_SGJM": "Asuntos remitidos a tribunal de apelaciones (materia Adolescente)",
					"AREMTADOL": "Asuntos remitidos a tribunal de apelaciones (materia Adolescente)",
					"AREMTADUA": "Asuntos remitidos a tribunal de apelaciones (materia Adolescente)",
					"AREMTPEN": "Asuntos remitidos a tribunal de apelaciones (materia Penal)",
					"AREPEVD": "Asuntos remitidos al Letrado competente en materia Penal, Adolescentes u otros",
					"ARLDOCNA": "Asuntos remitidos a otro Letrado competente",
					"AUDCOMP": "Audiencias complementarias realizadas",
					"AUDCOMP_SGJM": "Audiencias complementarias realizadas SGJ",
					"AUDCON": "Audiencias convocadas",
					"AUDCON_ANT": "Sin Datos",
					"AUDCONCI_SGJM": "Audiencias de Conciliación realizadas",
					"AUDEVAL": "Audiencias evaluatorias realizadas",
					"AUDLECT": "Audiencias lectura de sentencia",
					"AUDLECT_SGJM": "Audiencias lectura de sentencia SGJ",
					"AUDNOT": "Audiencias no transadas",
					"AUDOTR": "Otro tipo de audiencias",
					"AUDOTR_SGJM": "Otro tipo de audiencias SGJ",
					"AUDPREL": "Audiencias preliminares realizadas",
					"AUDPREL_0": "Audiencias preliminar realizadas",
					"AUDPREL_SGJM": "Audiencias preliminar suspendidas",
					"AUDPRO": "Audiencias prorrogadas",
					"AUDR": "Audiencias realizadas",
					"AUDR_2": "Audiencias realizadas",
					"AUDR_ANT": "Sin Datos",
					"AUDR_ANT_2": "Sin Datos",
					"AUDR_SGJM": "Audiencias realizadas SGJM",
					"AUDRFAL": "Audiencias realizadas en materia de Faltas",
					"AUDS": "Audiencias suspendidas",
					"AUDTPAR": "Audiencias transadas parcialmente",
					"AUDTTOT": "Audiencias transadas totalmente",
					"AUDUNI": "Audiencias de en materia CNA",
					"AUDUNI_SGJM": "Audiencias únicas SGJ",
					"AUDVOL": "Audiencias voluntarias",
					"AUDVOL_SGJM": "Audiencias voluntarias SGJ",
					"CASACION": "Recurso de Casación contra Sentencias del Tribunal",
					"CEDULON": "Cedulones emitidos",
					"CEDULON_SGJM": "Cedulones emitidos",
					"COMDNA": "Cedulones emitidos",
					"CUMINI": "Materia sobre la que tiene competencia",
					"CUMSENT": "Cúmulos con sentencia ejecutoriada",
					"CUMTR": "Cúmulos en trámite",
					"CUMTR_ANT": "Sin Datos",
					"DECEM": "Sin Datos",
					"DECEM_SGJM": "Sin Datos",
					"DECTR": "Decretos de trámite y sentencias interlocutorias de paz",
					"DECTR_SCJ": "Decretos de trámite y sentencias interlocutorias de paz",
					"DECTR_SCJ_ANT": "Decretos de trámite y sentencias interlocutorias de paz",
					"DENPOLVD": "Denuncia policial (materia Violencia Doméstica)",
					"DILALGUA": "Diligencias realizadas por el alguacil",
					"EXCUM": "Exhortos cumplidos",
					"EXCUM_ANT": "Exhortos cumplidos",
					"EXCUM_SGJM": "Exhortos cumplidos",
					"EXPEJECTR": "Exhortos cumplidos",
					"EXPEJECTR_ANT": "Exhortos cumplidos",
					"EXPEJECTRADOL": "Exhortos cumplidos",
					"EXPEJECTRPE": "Expedientes de adolescentes en ejecución de sentencia (en trámite)",
					"EXPTR": "Expedientes de penal en ejecución de sentencia (en trámite)",
					"EXPTR_31/12/15": "Expedientes en trámite",
					"EXPTR_31/12/16": "Expedientes en trámite",
					"EXPTR_31/12/16_SGJM": "Expedientes en trámite",
					"EXPTR_ANT": "Expedientes en trámite",
					"EXPTR_CGPPAZ": "Expedientes en trámite por el CGP paz",
					"EXPTR_CGPPAZ_ANT": "Sin Datos",
					"EXPTR_CNA": "Sin Datos",
					"EXPTR_FAL": "Expedientes en trámite por CNA (ley 17823)",
					"EXPTR_FAL_ANT": "Expedientes en trámite en materia de FALTAS",
					"EXPTR_OTRPAZ": "Expedientes en trámite no CGP paz (otros expedientes en trámite)",
					"EXPTR_TAP": "Expedientes en trámite no CGP paz (otros expedientes en trámite)",
					"EXPTR_TAP_ANT": "Expedientes en trámite no CGP paz (otros expedientes en trámite)",
					"EXPTR_VD": "Sin Datos",
					"EXREC": "Exhortos recibidos",
					"EXREC_ANT": "Exhortos recibidos",
					"EXREC_SGJM": "Exhortos recibidos",
					"INDINI": "Exhortos recibidos",
					"INDINI_ANT": "Indagatorias iniciadas",
					"INDTR": "Indagatorias en trámite",
					"INDTR_ANT": "Indagatorias en trámite",
					"INFRINI": "Procesos infraccionales iniciados",
					"INFRINI_ANT": "Procesos infraccionales iniciados",
					"INFRINICIND": "Sin Datos",
					"INFRINISIND": "Procesos infraccionales iniciados, con indagatorias",
					"INFRTR": "Procesos infraccionales en trámite",
					"INFRTR_ANT": "Procesos infraccionales en trámite",
					"INIEJEC": "Procesos infraccionales en trámite",
					"INIEJEC_ANT": "Procesos infraccionales en trámite",
					"INIJDO": "Asuntos iniciados en el Jdo SGJ",
					"INIMP": "Asuntos iniciados en el Jdo SGJ",
					"INIORDA": "Asuntos asignados por ORDA",
					"INIORDA_SGJM": "Asuntos asignados por ORDA",
					"INISD": "Asuntos con origen no especificado",
					"INISD_SGJM": "Asuntos con origen no especificado",
					"LIQPENA": "Asuntos con origen no especificado",
					"NOTELEC": "Asuntos con origen no especificado",
					"NOTIF": "Asuntos con origen no especificado",
					"NULIDAD": "Asuntos con origen no especificado",
					"NULIDAD_ANT": "Asuntos con origen no especificado",
					"OFILIB": "Oficios librados",
					"OFILIB_ANT": "Oficios librados",
					"OFILIB_SGJM": "Oficios librados",
					"OFILIBSGJM": "Oficios librados",
					"OFILIBSGJM_ANT": "Oficios librados",
					"OFNEJ": "Oficios librados",
					"OFSICO": "Oficios librados",
					"PARTES": "Oficios librados",
					"PENLIB": "Oficios librados",
					"PRESINI": "Oficios librados SGJ",
					"PRESINI_ANT": "Presumarios iniciados",
					"PRESOCS": "Sin Datos",
					"PRESOCS_ANT": "Sin Datos",
					"PRESOPEN": "Presos con sentencia sin ejecutoriar",
					"PRESOPEN_ANT": "Presos con sentencia sin ejecutoriar",
					"PRESOSCS2": "Presos con sentencia sin ejecutoriar",
					"PRESOSCS2_ANT": "Presos con sentencia sin ejecutoriar",
					"PRESOSS": "Presos con sentencia ejecutoriada (Presos penados)",
					"PRESOSS2": "Presos con sentencia ejecutoriada (Presos penados)",
					"PRESOSS2_ANT": "Presos con sentencia ejecutoriada (Presos penados)",
					"PRESOSS_ANT": "Presos sin sentencia",
					"PRESUMTR": "Presumarios en trámite",
					"PRESUMTR_ANT": "Presumarios en trámite",
					"PROFUG": "Presumarios en trámite",
					"PROV": "Total de Providencias (en comptencia de urgencia)",
					"PROVADOL": "Total de Providencias (en comptencia de urgencia)",
					"PROVPRES": "Total de Providencias (en comptencia de urgencia)",
					"PROVSUM": "Total de Providencias (en comptencia de urgencia)",
					"RECAP_18.895": "Total de Providencias (en comptencia de urgencia)",
					"RECAPSD": "Total de Providencias (en comptencia de urgencia)",
					"RECAPSD_ANT": "Total de Providencias (en comptencia de urgencia)",
					"RECAPSI": "Providencias en presumario penal (Decretos emitidos en Presumario)",
					"RECAPSI_ANT": "Providencias en sumario penal (Decretos emitidos en Sumario)",
					"RECEJEC": "Providencias en sumario penal (Decretos emitidos en Sumario)",
					"RECQUE": "Providencias en sumario penal (Decretos emitidos en Sumario)",
					"RECQUE_ANT": "Recruso de apelación de sentencia definitiva",
					"REM_SCJ": "Recruso de apelación de sentencia definitiva",
					"RESTEL": "Sin Datos",
					"RESTEL_ANT": "Asuntos recibidos desde las sedes penales",
					"SDTAP_ANT": "Recurso de queja por denegación de apelación",
					"SENDEF": "Sentencias definitivas SGJ",
					"SENDEF18895": "Sentencias  definitivas",
					"SENDEF_ANT": "Sin Datos",
					"SENDEF_SCJ": "Sin Datos",
					"SENDEF_SCJ_ANT": "Sin Datos",
					"SENDEF_SGJM": "Sin Datos",
					"SENDEFADOL": "Sin Datos",
					"SENDEFADOL_ANT": "Sin Datos",
					"SENDEFADU": "Sin Datos",
					"SENDEFADU_ANT": "Sin Datos",
					"SENDEFCIV": "Sin Datos",
					"SENDEFCIV_ANT": "Sentencia definitivas en materi Civil",
					"SENDEFCONC": "Sin Datos",
					"SENDEFCONC_ANT": "Sin Datos",
					"SENDEFCONT": "Sentencia definitivas en materi Concurso",
					"SENDEFCONT_ANT": "Sin Datos",
					"SENDEFFAL": "Sentencia definitivas en materi Contencioso",
					"SENDEFFAL_ANT": "Sin Datos",
					"SENDEFFAM": "Sentencias definitivas de faltas paz",
					"SENDEFFAM_ANT": "Sentencia definitivas en materi Familia",
					"SENDEFLAB": "Sin Datos",
					"SENDEFLAB_ANT": "Sentencia definitivas en materi Laboral",
					"SENDEFPAZ": "Sentencias definitivas paz",
					"SENDEFPAZ_ANT": "Sin Datos",
					"SENINT": "Sentencias interlocutorias",
					"SENINT_SGJM": "Sentencias interlocutorias",
					"SENTINT": "Sentencias interlocutorias",
					"SENTINT_ANT": "Sentencias interlocutorias",
					"SITAP_ANT": "Sentencias interlocutorias",
					"SUMINI": "Sumarios iniciados",
					"SUMINI_ANT": "Sumarios iniciados",
					"SUMINICPRE": "Sumarios iniciados",
					"SUMINISPRE": "Sin Datos",
					"SUMTR": "Sumarios en trámite",
					"SUMTR_ANT": "Sumarios en trámite"
				}
			}
		},
		{
			"nombreAtributo": "Cantidad",
			"descripción": "Cantidad de expedientes",
			"tipoDato": "número",
			"longitud": 3,
			"precisión": -1
		}
	]
}

